n,run,created,type
14,1,2022-04-27T08:01:38Z,transfer
13,1,2022-04-26T08:35:29Z,transfer
12,1,2022-04-25T10:25:21Z,transfer
11,1,2022-04-24T10:12:09Z,transfer
10,1,2022-04-23T10:30:31Z,transfer
9,1,2022-04-22T09:30:09Z,transfer
8,1,2022-04-21T10:53:00Z,transfer
7,1,2022-04-20T08:48:58Z,transfer
6,1,2022-04-19T09:46:15Z,transfer
5,1,2022-04-18T10:26:20Z,transfer
4,1,2022-04-17T10:11:53Z,transfer
3,1,2022-04-16T09:27:12Z,transfer
2,1,2022-04-14T08:45:10Z,transfer
1,1,2022-04-13T07:56:51Z,transfer
0,1,2022-04-12T09:12:02Z,setup
